Participant,Trial_Num,Key_1,Key_2,Probe_key,Time,Events,IOI,Response,Stimulus_name,Probe_name
1,1,eb,a,d,t5,e5,i5,3.9,stim_eb_a_t5_e5_i5.mid,probe_d.mid
1,2,eb,a,f,t5,e5,i5,3.6,stim_eb_a_t5_e5_i5.mid,probe_f.mid
1,3,eb,whole,eb,t5,e5,i5,4.0,stim_eb_whole_t5_e5_i5.mid,probe_eb.mid
1,4,bb,bb,d,t5,e5,i5,2.7,stim_bb_bb_t5_e5_i5.mid,probe_d.mid
1,5,eb,whole,g,t5,e5,i5,3.9,stim_eb_whole_t5_e5_i5.mid,probe_g.mid
1,6,g,a,c,t5,e5,i5,3.0,stim_g_a_t5_e5_i5.mid,probe_c.mid
1,7,e,whole,e,t5,e5,i5,3.4,stim_e_whole_t5_e5_i5.mid,probe_e.mid
1,8,bb,bb,g,t5,e5,i5,3.5,stim_bb_bb_t5_e5_i5.mid,probe_g.mid
1,9,eb,whole,d,t5,e5,i5,3.2,stim_eb_whole_t5_e5_i5.mid,probe_d.mid
1,10,b,whole,bb,t5,e5,i5,3.3,stim_b_whole_t5_e5_i5.mid,probe_bb.mid
